-- MySQL dump 10.13  Distrib 5.5.8, for osx10.6 (i386)
--
-- Host: localhost    Database: collex_catalog_development
-- ------------------------------------------------------
-- Server version	5.5.8

/*!40101 SET @OLD_CHARACTER_SET_CLIENT=@@CHARACTER_SET_CLIENT */;
/*!40101 SET @OLD_CHARACTER_SET_RESULTS=@@CHARACTER_SET_RESULTS */;
/*!40101 SET @OLD_COLLATION_CONNECTION=@@COLLATION_CONNECTION */;
/*!40101 SET NAMES utf8 */;
/*!40103 SET @OLD_TIME_ZONE=@@TIME_ZONE */;
/*!40103 SET TIME_ZONE='+00:00' */;
/*!40014 SET @OLD_UNIQUE_CHECKS=@@UNIQUE_CHECKS, UNIQUE_CHECKS=0 */;
/*!40014 SET @OLD_FOREIGN_KEY_CHECKS=@@FOREIGN_KEY_CHECKS, FOREIGN_KEY_CHECKS=0 */;
/*!40101 SET @OLD_SQL_MODE=@@SQL_MODE, SQL_MODE='NO_AUTO_VALUE_ON_ZERO' */;
/*!40111 SET @OLD_SQL_NOTES=@@SQL_NOTES, SQL_NOTES=0 */;

--
-- Table structure for table `archives`
--

DROP TABLE IF EXISTS `archives`;
/*!40101 SET @saved_cs_client     = @@character_set_client */;
/*!40101 SET character_set_client = utf8 */;
CREATE TABLE `archives` (
  `id` int(11) NOT NULL AUTO_INCREMENT,
  `typ` varchar(255) COLLATE utf8_unicode_ci DEFAULT NULL,
  `parent_id` int(11) DEFAULT NULL,
  `handle` varchar(255) COLLATE utf8_unicode_ci DEFAULT NULL,
  `name` varchar(255) COLLATE utf8_unicode_ci DEFAULT NULL,
  `site_url` varchar(255) COLLATE utf8_unicode_ci DEFAULT NULL,
  `thumbnail` varchar(255) COLLATE utf8_unicode_ci DEFAULT NULL,
  `carousel_include` int(11) DEFAULT NULL,
  `carousel_description` text COLLATE utf8_unicode_ci,
  `carousel_image_file_name` varchar(255) COLLATE utf8_unicode_ci DEFAULT NULL,
  `carousel_image_content_type` varchar(255) COLLATE utf8_unicode_ci DEFAULT NULL,
  `carousel_image_file_size` int(11) DEFAULT NULL,
  `carousel_image_updated_at` datetime DEFAULT NULL,
  `created_at` datetime DEFAULT NULL,
  `updated_at` datetime DEFAULT NULL,
  PRIMARY KEY (`id`)
) ENGINE=InnoDB AUTO_INCREMENT=230 DEFAULT CHARSET=utf8 COLLATE=utf8_unicode_ci;
/*!40101 SET character_set_client = @saved_cs_client */;

--
-- Dumping data for table `archives`
--

LOCK TABLES `archives` WRITE;
/*!40000 ALTER TABLE `archives` DISABLE KEYS */;
INSERT INTO `archives` VALUES (1,'node',0,NULL,'Journals',NULL,NULL,0,'',NULL,NULL,NULL,NULL,'2011-06-23 17:57:30','2011-06-23 17:57:30'),(2,'node',0,NULL,'Peer-Reviewed Projects',NULL,NULL,0,'',NULL,NULL,NULL,NULL,'2011-06-23 17:57:30','2011-06-23 17:57:30'),(3,'archive',2,'rossetti','The Rossetti Archive','http://www.rossettiarchive.org','http://www.rossettiarchive.org/css/whitedgrmotto.gif',1,'facilitates the scholarly study of Dante Gabriel Rossetti, the painter, designer, writer, and translator who was, according to both John Ruskin and Walter Pater, the most important and original artistic force in the second half of the nineteenth century in Great Britain.','rossettiArchive.jpg','image/jpeg',29345,'2011-06-23 17:57:30','2011-06-23 17:57:32','2011-06-23 17:57:32'),(4,'archive',1,'victbib','Victorian Studies Bibliography','http://www.letrs.indiana.edu/web/v/victbib','',0,'',NULL,NULL,NULL,NULL,'2011-06-23 17:57:33','2011-06-23 17:57:33'),(5,'archive',1,'ron','Romanticism on the Net','http://www.ron.umontreal.ca/','http://www.erudit.org/images/ronnines.gif',0,'',NULL,NULL,NULL,NULL,'2011-06-23 17:57:33','2011-06-23 17:57:33'),(6,'node',2,NULL,'Rotunda Imprint, University of Virginia',NULL,NULL,0,'',NULL,NULL,NULL,NULL,'2011-06-23 17:57:33','2011-06-23 17:57:33'),(7,'archive',6,'rotunda_arnold','Letters of Matthew Arnold','http://rotunda.upress.virginia.edu/Arnold/','http://rotunda.upress.virginia.edu/images/Rotunda-NINES.png',1,'Including nearly 4,000 letters, The Letters of Matthew Arnold represents the most comprehensive and assiduously annotated collection of his correspondence available. Published by the Rotunda Imprint of University of Virginia Press.','arnoldLetters.jpg','image/jpeg',17879,'2011-06-23 17:57:33','2011-06-23 17:57:34','2011-06-23 17:57:34'),(8,'archive',6,'rotunda_c-rossetti','Letters of Christina Rossetti','http://rotunda.upress.virginia.edu/crossetti','http://rotunda.upress.virginia.edu/images/Rotunda-NINES.png',1,'Christina Rossetti has come to be considered one of the major poets of the Victorian era.This digital edition incorporates the complete text of the 4-volume print edition, The Letters of Christina Rossetti. Published by the Rotunda Imprint of University of Virginia Press.','rossettiLetters.jpg','image/jpeg',19320,'2011-06-23 17:57:34','2011-06-23 17:57:35','2011-06-23 17:57:35'),(9,'archive',2,'poetess','The Poetess Archive','http://idhmc.tamu.edu/poetess','http://unixgen.muohio.edu/~poetess/works/cupidsm.gif',1,'The Poetess Archive Database now contains a bibliography of over 4,000 entries for works by and about writers working in and against the “poetess tradition,” the extraordinarily popular, but much criticized, flowery poetry written in Britain and America between 1750 and 1900.','poetessArchive.jpg','image/jpeg',24160,'2011-06-23 17:57:35','2011-06-23 17:57:35','2013-06-17 17:44:04'),(10,'archive',2,'swinburne','The Swinburne Project','http://swinburnearchive.indiana.edu/swinburne/www/swinburne/','http://swinburnearchive.indiana.edu/swinburne/www/swinburne/',1,'is a digital collection, or virtual archive, devoted to the life and work of Victorian poet Algernon Charles Swinburne. When complete the project will provide students and scholars with access to all available original works by Swinburne and selected contextual materials.','swinburneProject.jpg','image/jpeg',23544,'2011-06-23 17:57:36','2011-06-23 17:57:36','2011-06-23 17:57:36'),(11,'archive',2,'bierce','The Ambrose Bierce Project','http://www.ambrosebierce.org/main.html','http://www.personal.psu.edu/faculty/c/a/caw43/bierce/bierceicon.jpg',1,'is an online forum and resource for the study of Ambrose Gwinnett Bierce (1842-1914?), the American soldier, topographer, journalist, and writer. The ABP strives to bring together Bierce scholars and students from around the globe.','bierce.jpg','image/jpeg',10941,'2011-06-23 17:57:36','2011-06-23 17:57:37','2011-06-23 17:57:37'),(12,'archive',2,'bwrp','British Women Romantic Poets','http://digital.lib.ucdavis.edu/projects/bwrp/','http://digital.lib.ucdavis.edu/images/smlpilk2.jpg',1,'The British Women Romantic Poet\'s Project is producing an online scholarly archive consisting of E-text editions of poetry by British and Irish women written (not necessarily published) between 1789 and 1832.','bwrp.jpg','image/jpeg',16076,'2011-06-23 17:57:37','2011-06-23 17:57:37','2011-06-23 17:57:37'),(13,'archive',2,'chesnutt','Charles Chesnutt Archive','http://www.chesnuttarchive.org','',1,'The goal of The Charles Chesnutt Archive is to make works by and about Chesnutt readily and freely accessible to scholars, students, and general readers. It will continue to grow and change with the goal of providing a comprehensive digital collection of Chesnutt materials.','chesnuttArchive.jpg','image/jpeg',15005,'2011-06-23 17:57:38','2011-06-23 17:57:39','2011-06-23 17:57:39'),(14,'archive',2,'cbw','Collective Biographies of Women','http://etext.lib.virginia.edu/WomensBios/','',1,'is an exhaustive annotated bibliography of the more than 930 books published in English (in Britain, the United States, and elsewhere in the Anglophone world) between 1830 and 1940 that collect three or more women\'s biographies.','cbw.jpg','image/jpeg',23573,'2011-06-23 17:57:39','2011-06-23 17:57:39','2011-06-23 17:57:39'),(15,'archive',2,'dickinson','Dickinson Virtual Reference Shelf','http://www.emilydickinson.org/','',1,'The Dickinson Electronic Archives (DEA) is a website devoted to the study of Emily Dickinson, her writing practices, writings directly influencing her work, and critical and creative writings generated by her work.','dickinsonVirtual.jpg','image/jpeg',15021,'2011-06-23 17:57:41','2011-06-23 17:57:41','2011-06-23 17:57:41'),(16,'archive',2,'blake','The William Blake Archive','http://www.blakearchive.org','',1,'A free site on the World Wide Web since 1996, the Blake Archive was conceived as an international public resource that would provide unified access to major works of visual and literary art that are highly disparate, widely dispersed, and often severely restricted as a result of their value, rarity, and extreme fragility.','blakeArchive.jpg','image/jpeg',16553,'2011-06-23 17:57:42','2011-06-23 17:57:42','2011-06-23 17:57:42'),(17,'archive',2,'cather','The Willa Cather Archive','http://cather.unl.edu/','http://cather.unl.edu/images/ninesthumbnails/mainthumb.jpg',1,' is an ambitious endeavor to create a rich, useful, and widely-accessible site for the study of Willa Cather\'s life and writings. The project originated in 1997, and over the years has digitized and published hundreds of thousands of words of Cather-authored texts and Cather scholarship.','newCather.jpg','image/jpeg',24532,'2011-06-23 17:57:42','2011-06-23 17:57:43','2011-06-23 17:57:43'),(18,'node',2,NULL,'Whitman Archive',NULL,NULL,0,'',NULL,NULL,NULL,NULL,'2011-06-23 17:57:43','2011-06-23 17:57:43'),(19,'archive',18,'whitbib','Whitman Bibliography','http://www.whitmanarchive.org/bibliography/','http://www.whitmanarchive.org/shared/WWA_logo.gif',0,'',NULL,NULL,NULL,NULL,'2011-06-23 17:57:44','2011-06-23 17:57:44'),(20,'archive',18,'whitman','The Walt Whitman Archive','http://www.whitmanarchive.org/','http://www.whitmanarchive.org/shared/WWA_logo.gif',1,'is an electronic research and teaching tool that sets out to make Whitman\'s vast work, for the first time, easily and conveniently accessible to scholars, students, and general readers.','WhitmanArchive.jpg','image/jpeg',21625,'2011-06-23 17:57:45','2011-06-23 17:57:45','2011-06-23 17:57:45'),(21,'node',2,NULL,'Romantic Circles',NULL,NULL,0,'',NULL,NULL,NULL,NULL,'2011-06-23 17:57:46','2011-06-23 17:57:46'),(22,'node',1,NULL,'Project MUSE',NULL,NULL,0,'',NULL,NULL,NULL,NULL,'2011-06-23 17:57:46','2011-06-23 17:57:46'),(23,'archive',22,'muse-al','Project Muse: American Literature','http://muse.jhu.edu/journals/american_literature/','http://muse.jhu.edu/images/journals/coverImages/alcoversmall.gif',0,'',NULL,NULL,NULL,NULL,'2011-06-23 17:57:46','2011-06-23 17:57:46'),(24,'archive',22,'muse-alh','Project MUSE: American Literary History','http://muse.jhu.edu/journals/american_literary_history/','http://muse.jhu.edu/images/journals/coverImages/alhcoversmall.gif',0,'',NULL,NULL,NULL,NULL,'2011-06-23 17:57:46','2011-06-23 17:57:46'),(25,'archive',22,'muse-nlh','Project MUSE: New Literary History','http://muse.jhu.edu/journals/new_literary_history/','http://muse.jhu.edu/images/journals/coverImages/nlhcoversmall.gif',0,'',NULL,NULL,NULL,NULL,'2011-06-23 17:57:46','2011-06-23 17:57:46'),(26,'archive',22,'muse-elh','Project MUSE: ELH','http://muse.jhu.edu/journals/elh/','http://muse.jhu.edu/images/journals/coverImages/elhcoversmall.gif',0,'',NULL,NULL,NULL,NULL,'2011-06-23 17:57:46','2011-06-23 17:57:46'),(27,'archive',22,'muse-jaf','Project MUSE: Journal of American Folklore','http://muse.jhu.edu/journals/journal_of_american_folklore/','http://muse.jhu.edu/images/journals/coverImages/jafcoversmall.gif',0,'',NULL,NULL,NULL,NULL,'2011-06-23 17:57:46','2011-06-23 17:57:46'),(28,'archive',22,'muse-hjr','Project MUSE: The Henry James Review','http://muse.jhu.edu/journals/henry_james_review/','http://muse.jhu.edu/images/journals/coverImages/hjrcoversmall.gif',0,'',NULL,NULL,NULL,NULL,'2011-06-23 17:57:46','2011-06-23 17:57:46'),(29,'archive',22,'muse-sel','Project MUSE: SEL Studies in English Literature 1500-1900','http://muse.jhu.edu/journals/studies_in_english_literature/','http://muse.jhu.edu/images/journals/coverImages/selcoversmall.gif',0,'',NULL,NULL,NULL,NULL,'2011-06-23 17:57:46','2011-06-23 17:57:46'),(30,'archive',22,'muse-vp','Project MUSE: Victorian Poetry','http://muse.jhu.edu/journals/victorian_poetry/','http://muse.jhu.edu/images/journals/coverImages/vpcoversmall.gif',0,'',NULL,NULL,NULL,NULL,'2011-06-23 17:57:46','2011-06-23 17:57:46'),(31,'archive',22,'muse-leg','Project MUSE: Legacy','http://muse.jhu.edu/journals/legacy/','http://muse.jhu.edu/images/journals/coverImages/legcoversmall.gif',0,'',NULL,NULL,NULL,NULL,'2011-06-23 17:57:46','2011-06-23 17:57:46'),(32,'archive',22,'muse-edj','Project MUSE: The Emily Dickinson Journal','http://muse.jhu.edu/journals/emily_dickinson_journal/','http://muse.jhu.edu/images/journals/coverImages/edjcoversmall.gif',0,'',NULL,NULL,NULL,NULL,'2011-06-23 17:57:46','2011-06-23 17:57:46'),(33,'archive',22,'muse-vpr','Project MUSE: Victorian Periodicals Review','http://muse.jhu.edu/journals/vpr/','http://muse.jhu.edu/images/journals/coverImages/vprcoversmall.jpg',0,'',NULL,NULL,NULL,NULL,'2011-06-23 17:57:46','2011-06-23 17:57:46'),(34,'archive',22,'muse-jvc','Project MUSE: Journal of Victorian Culture','http://muse.jhu.edu/journals/journal_of_victorian_culture/','http://muse.jhu.edu/images/journals/coverImages/jvccoversmall.gif',0,'',NULL,NULL,NULL,NULL,'2011-06-23 17:57:46','2011-06-23 17:57:46'),(35,'archive',22,'muse-elt','Project MUSE: English Literature in Transition 1880-1920','http://muse.jhu.edu/journals/english_literature_in_transition/','http://muse.jhu.edu/images/journals/coverImages/eltcoversmall.gif',0,'',NULL,NULL,NULL,NULL,'2011-06-23 17:57:46','2011-06-23 17:57:46'),(36,'archive',22,'muse-rom','Project MUSE: Romanticism','http://muse.jhu.edu/journals/romanticism/','http://muse.jhu.edu/images/journals/coverImages/romcoversmall.gif',0,'',NULL,NULL,NULL,NULL,'2011-06-23 17:57:46','2011-06-23 17:57:46'),(37,'archive',22,'muse-cal','Project MUSE: Callaloo','http://muse.jhu.edu/journals/callaloo/','http://muse.jhu.edu/images/journals/coverImages/calcoversmall.gif',0,'',NULL,NULL,NULL,NULL,'2011-06-23 17:57:46','2011-06-23 17:57:46'),(38,'archive',22,'muse-vic','Project MUSE: Victorian Studies','http://muse.jhu.edu/journals/vic/','http://muse.jhu.edu/images/journals/coverImages/viccoversmall.gif',0,'',NULL,NULL,NULL,NULL,'2011-06-23 17:57:46','2011-06-23 17:57:46'),(39,'archive',1,'ravon','Romanticism and Victorianism on the Net','http://www.erudit.org/revue/ravon/','http://www.erudit.org/ravon_nines.gif',0,'',NULL,NULL,NULL,NULL,'2011-06-23 17:57:46','2011-06-23 17:57:46'),(40,'archive',6,'rotunda_typee','Herman Melville\'s \"Typee\": A Fluid-Text Edition','http://rotunda.upress.virginia.edu/melville','http://rotunda.upress.virginia.edu/images/Rotunda-NINES.png',1,'This fluid-text edition of the Typee manuscript showcases Melville’s revision process through several stages of the composition of his first published book, Typee: A Peep at Polynesian Life (1846). ','typee.jpg','image/jpeg',21665,'2011-06-23 17:57:47','2011-06-23 17:57:48','2011-06-23 17:57:48'),(41,'node',0,NULL,'Other Digital Collections',NULL,NULL,0,'',NULL,NULL,NULL,NULL,'2011-06-23 17:57:48','2011-06-23 17:57:48'),(42,'archive',2,'Last Minstrel','The Lay of the Last Minstrel: A Poem','http://scott-minstrel.cath.vt.edu/index','',1,'was the first of Walter Scott’s metrical romances and the work that made him famous. The object of this edition is to provide the text as originally published, illustrated with annotations and supplementary documents. ','lastMinstrel.jpg','image/jpeg',8606,'2011-06-23 17:57:48','2011-06-23 17:57:49','2011-06-23 17:57:49'),(43,'node',41,NULL,'ProQuest',NULL,NULL,0,'',NULL,NULL,NULL,NULL,'2011-06-23 17:57:49','2011-06-23 17:57:49'),(44,'archive',2,'leighhunt','Leigh Hunt Online: The Letters','http://digital.lib.uiowa.edu/leighhunt/','',1,'This project, run by the University of Iowa Library, will ultimately present digitally all surviving correspondence of Romantic poet, writer, and editor Leigh Hunt (1784-1859).','leighhunt.jpg','image/jpeg',15447,'2011-06-23 17:57:49','2011-06-23 17:57:49','2011-06-23 17:57:49'),(45,'archive',1,'nineteen','19: Interdisciplinary Studies in the Long Nineteenth Century','http://www.19.bbk.ac.uk/','',0,'',NULL,NULL,NULL,NULL,'2011-06-23 17:57:50','2011-06-23 17:57:50'),(46,'archive',2,'goslartograsmere','From Goslar to Grasmere','http://collections.wordsworth.org.uk/gtog/home.asp?','http://collections.wordsworth.org.uk/images/G2G%20project/wordsworth1.jpg',1,'examines, in text and context, the year from December 1798-December 1799 and the first year in Grasmere in 1800. Across this period William and Dorothy Wordsworth\'s lives changed dramatically, and with lasting consequences for both their writing.','goslartograsmere.jpg','image/jpeg',18592,'2011-06-23 17:57:50','2011-06-23 17:57:50','2011-06-23 17:57:50'),(47,'node',41,NULL,'Alexander Street Press',NULL,NULL,0,'',NULL,NULL,NULL,NULL,'2011-06-23 17:57:51','2011-06-23 17:57:51'),(48,'archive',47,'iwrp','Irish Women Poets of the Romantic Period','http://asp6new.alexanderstreet.com/iwrp/iwrp.index.map.aspx','http://asp6new.alexanderstreet.com/custlogo/asplogo100.jpg',0,'',NULL,NULL,NULL,NULL,'2011-06-23 17:57:52','2011-06-23 17:57:52'),(49,'archive',6,'rotunda_dickinson','Emily Dickinson\'s Correspondences','http://rotunda.upress.virginia.edu/edc/','http://rotunda.upress.virginia.edu/images/Rotunda-NINES.png',1,'Unpublished in book form during her lifetime, the poems of Emily Dickinson were nonetheless shared with those she trusted most—through her letters. This XML-based archive brings together 74 poems and letters from Emily’s correspondence with her sister-in-law and primary confidante, Susan Dickinson.','dickson_correspondence.jpg','image/jpeg',24446,'2011-06-23 17:57:53','2011-06-23 17:57:53','2011-06-23 17:57:53'),(50,'archive',6,'rotunda_emilyshore','Journal of Emily Shore: Revised and Expanded','http://rotunda.upress.virginia.edu/EmilyShore/','http://rotunda.upress.virginia.edu/images/Rotunda-NINES.png',0,'',NULL,NULL,NULL,NULL,'2011-06-23 17:57:55','2011-06-23 17:57:55'),(51,'node',41,NULL,'InteLex',NULL,NULL,0,'',NULL,NULL,NULL,NULL,'2011-06-23 17:57:55','2011-06-23 17:57:55'),(52,'archive',51,'intelexWordsworth','The Collected Letters of the Wordsworths','http://pinfo.nlx.com/collections/129','http://pm.nlx.com/xtf/icons/external/intelexlogo.jpg',0,'',NULL,NULL,NULL,NULL,'2011-06-23 17:57:56','2011-06-23 17:57:56'),(53,'node',1,NULL,'JSTOR',NULL,NULL,0,'',NULL,NULL,NULL,NULL,'2011-06-23 17:57:56','2011-06-23 17:57:56'),(54,'node',0,NULL,'NINES Exhibits',NULL,NULL,0,'',NULL,NULL,NULL,NULL,'2011-06-23 17:57:56','2011-06-23 17:57:56'),(55,'archive',51,'intelexTennyson','The Collected Letters of Tennyson','http://pinfo.nlx.com/collections/118','http://pm.nlx.com/xtf/icons/external/intelexlogo.jpg',0,'',NULL,NULL,NULL,NULL,'2011-06-23 17:57:56','2011-06-23 17:57:56'),(56,'archive',2,'morrisedition','Morris Online Edition','http://morrisedition.lib.uiowa.edu/index.html','http://morrisedition.lib.uiowa.edu/images/republican.jpg',1,'features a digital edition of The Life and Death of Jason, including sumptuous page images from the 1895 Kelmscott edition. The overall goal of the Morris Online Edition is to provide readable annotated texts of Morris’s poetry and selected prose, prepared in accordance with current scholarly and critical norms.','morrisOnline.jpg','image/jpeg',28277,'2011-06-23 17:57:57','2011-06-23 17:57:58','2011-06-23 17:57:58'),(57,'archive',2,'lewisandclark','The Journals of the Lewis and Clark Expedition Online','http://lewisandclarkjournals.unl.edu/','http://cdrh.unl.edu/projects/thumbs/lewisandclark.jpg',0,'This website makes available the text of the celebrated Nebraska edition of the Lewis and Clark journals, edited by Gary E. Moulton. Moulton\'s edition — the most accurate and inclusive edition ever published — is one of the major scholarly achievements of the late twentieth century.','landc.jpg','image/jpeg',42752,'2012-11-01 20:54:29','2011-06-23 17:57:58','2012-11-01 20:54:53'),(58,'archive',51,'intelexRomanticAge','The Romantic Age','http://pinfo.nlx.com/collections/105','http://pm.nlx.com/xtf/icons/external/intelexlogo.jpg',0,'',NULL,NULL,NULL,NULL,'2011-06-23 17:57:58','2011-06-23 17:57:58'),(59,'archive',51,'intelexAustenWorksLetters','The Complete Works and Letters of Jane Austen','http://pinfo.nlx.com/collections/12','http://pm.nlx.com/xtf/icons/external/intelexlogo.jpg',0,'',NULL,NULL,NULL,NULL,'2011-06-23 17:57:58','2011-06-23 17:57:58'),(60,'archive',51,'intelexShelleyJournals','The Journals of Mary Shelley','http://pinfo.nlx.com/collections/110','http://pm.nlx.com/xtf/icons/external/intelexlogo.jpg',0,'',NULL,NULL,NULL,NULL,'2011-06-23 17:57:58','2011-06-23 17:57:58'),(61,'archive',51,'intelexShelleyWorks','The Novels and Selected Works of Mary Shelley','http://pinfo.nlx.com/collections/109','http://pm.nlx.com/xtf/icons/external/intelexlogo.jpg',0,'',NULL,NULL,NULL,NULL,'2011-06-23 17:57:58','2011-06-23 17:57:58'),(62,'archive',51,'intelexColeridge','The Collected Letters of Samuel Taylor Coleridge','http://pinfo.nlx.com/collections/33 ','http://pm.nlx.com/xtf/icons/external/intelexlogo.jpg',0,'',NULL,NULL,NULL,NULL,'2011-06-23 17:57:58','2011-06-23 17:57:58'),(63,'archive',51,'intelexDarwin','The Works of Charles Darwin','http://pinfo.nlx.com/collections/37','http://pm.nlx.com/xtf/icons/external/intelexlogo.jpg',0,'',NULL,NULL,NULL,NULL,'2011-06-23 17:57:58','2011-06-23 17:57:58'),(64,'archive',51,'intelexEliot','The Complete Works of George Eliot','http://pinfo.nlx.com/collections/46','http://pm.nlx.com/xtf/icons/external/intelexlogo.jpg',0,'',NULL,NULL,NULL,NULL,'2011-06-23 17:57:58','2011-06-23 17:57:58'),(65,'archive',47,'cwld','Civil War Letters and Diaries','http://solomon.cwld.alexanderstreet.com/','http://asp6new.alexanderstreet.com/custlogo/asplogo100.jpg',0,'',NULL,NULL,NULL,NULL,'2011-06-23 17:57:58','2011-06-23 17:57:58'),(66,'archive',51,'intelexHardy','The Collected Letters of Thomas Hardy','http://pinfo.nlx.com/collections/57','http://pm.nlx.com/xtf/icons/external/intelexlogo.jpg',0,'',NULL,NULL,NULL,NULL,'2011-06-23 17:57:58','2011-06-23 17:57:58'),(67,'archive',51,'intelexEmersonLectures','The Early Lectures of Ralph Waldo Emerson','http://pinfo.nlx.com/collections/51','http://pm.nlx.com/xtf/icons/external/intelexlogo.jpg',0,'',NULL,NULL,NULL,NULL,'2011-06-23 17:57:58','2011-06-23 17:57:58'),(68,'archive',51,'intelexEmersonCollectedWorks','The Collected Works of Ralph Waldo Emerson','http://pinfo.nlx.com/collections/49','http://pm.nlx.com/xtf/icons/external/intelexlogo.jpg',0,'',NULL,NULL,NULL,NULL,'2011-06-23 17:57:59','2011-06-23 17:57:59'),(69,'archive',51,'intelexEmersonJournals','The Journals and Miscellaneous Notebooks of Ralph Waldo Emerson','http://pinfo.nlx.com/collections/50','http://pm.nlx.com/xtf/icons/external/intelexlogo.jpg',0,'',NULL,NULL,NULL,NULL,'2011-06-23 17:57:59','2011-06-23 17:57:59'),(70,'archive',51,'intelexBaillieLetters','The Collected Letters of Joanna Baillie','http://pinfo.nlx.com/collections/18','http://pm.nlx.com/xtf/icons/external/intelexlogo.jpg',0,'',NULL,NULL,NULL,NULL,'2011-06-23 17:57:59','2011-06-23 17:57:59'),(71,'archive',51,'intelexGladstone','The Diaries of William Gladstone','http://pinfo.nlx.com/collections/56','http://pm.nlx.com/xtf/icons/external/intelexlogo.jpg',0,'',NULL,NULL,NULL,NULL,'2011-06-23 17:57:59','2011-06-23 17:57:59'),(72,'archive',51,'intelexBronteLetters','The Letters of Charlotte Brontë','http://pinfo.nlx.com/collections/27','http://pm.nlx.com/xtf/icons/external/intelexlogo.jpg',0,'',NULL,NULL,NULL,NULL,'2011-06-23 17:57:59','2011-06-23 17:57:59'),(73,'archive',41,'estc','English Short Title Catalogue','http://estc.bl.uk/F/?func=file&file_name=login-bl-list','http://cbsr.ucr.edu/images/estc.jpg',0,'',NULL,NULL,NULL,NULL,'2011-06-23 17:57:59','2011-06-23 17:57:59'),(74,'archive',41,'WrightAmFic','Wright American Fiction','http://www.letrs.indiana.edu/cgi/t/text/text-idx?c=wright2;cc=wright2;sid=2fda8248a5b314bdf2fe730e6a46ca2d;tpl=home.tpl','',0,'',NULL,NULL,NULL,NULL,'2011-06-23 17:57:59','2011-06-23 17:57:59'),(75,'archive',51,'intelexBritishPhilosophy','British Philosophy 1600-1900','http://pinfo.nlx.com/collections/26','http://pm.nlx.com/xtf/icons/external/intelexlogo.jpg',0,'',NULL,NULL,NULL,NULL,'2011-06-23 17:57:59','2011-06-23 17:57:59'),(76,'node',41,NULL,'Library of Congress',NULL,NULL,0,'',NULL,NULL,NULL,NULL,'2011-06-23 17:57:59','2011-06-23 17:57:59'),(77,'archive',76,'locCommonsBain','Library of Congress: George Grantham Bain Collection','http://www.flickr.com/people/library_of_congress/','',0,'',NULL,NULL,NULL,NULL,'2011-06-23 17:57:59','2011-06-23 17:57:59'),(78,'archive',51,'intelexDickens','The Letters of Charles Dickens: 1820-1870','http://pinfo.nlx.com/collections/43','http://pm.nlx.com/xtf/icons/external/intelexlogo.jpg',0,'',NULL,NULL,NULL,NULL,'2011-06-23 17:57:59','2011-06-23 17:57:59'),(79,'archive',51,'intelexMarx','The Collected Works of Marx and Engels','http://pinfo.nlx.com/collections/84','http://pm.nlx.com/xtf/icons/external/intelexlogo.jpg',0,'',NULL,NULL,NULL,NULL,'2011-06-23 17:57:59','2011-06-23 17:57:59'),(80,'node',41,NULL,'University of Florida Digital Collections',NULL,NULL,0,'',NULL,NULL,NULL,NULL,'2011-06-23 17:57:59','2011-06-23 17:57:59'),(81,'archive',80,'uflBaldwin','Baldwin Library of Children\'s Literature','http://ufdcweb1.uflib.ufl.edu/ufdc/?a=juv','http://ufdc.ufl.edu/design/aggregations/juv/images/buttons/coll.gif',0,'',NULL,NULL,NULL,NULL,'2011-06-23 17:57:59','2011-06-23 17:57:59'),(82,'archive',80,'ufldloc','Digital Library of the Caribbean','http://ufdcweb1.uflib.ufl.edu/ufdc/?n=dloc&a=dloc1&m=hhh','http://ufdc.ufl.edu/design/wordmarks/dloc.gif',0,'',NULL,NULL,NULL,NULL,'2011-06-23 17:57:59','2011-06-23 17:57:59'),(83,'archive',47,'romr','The Romantic Era Redefined','http://asp6new.alexanderstreet.com/romr/','http://asp6new.alexanderstreet.com/custlogo/asplogo100.jpg',0,'',NULL,NULL,NULL,NULL,'2011-06-23 17:57:59','2011-06-23 17:57:59'),(84,'archive',76,'locPrints','Prints and Photographs Division','http://loc.gov/pictures/','',0,'',NULL,NULL,NULL,NULL,'2011-06-23 17:57:59','2011-06-23 17:57:59'),(85,'archive',41,'oldBailey','The Old Bailey Online','http://www.oldbaileyonline.org','http://www.oldbaileyonline.org/graphics/logo.gif',1,'is a fully searchable edition of the largest body of texts detailing the lives of non-elite people ever published, containing 197,745 criminal trials held at London\'s central criminal court. ','oldBailey.jpg','image/jpeg',46225,'2011-06-23 17:57:59','2011-06-23 17:58:00','2013-04-10 16:03:03'),(86,'node',54,NULL,'Victorian Institute Journal',NULL,NULL,0,'',NULL,NULL,NULL,NULL,'2011-06-23 17:58:00','2011-06-23 17:58:00'),(87,'node',54,NULL,'The Poetess Archive Journal',NULL,NULL,0,'',NULL,NULL,NULL,NULL,'2011-06-23 17:58:00','2011-06-23 17:58:00'),(88,'archive',41,'ECCO','ECCO','http://gdc.gale.com/products/eighteenth-century-collections-online/?searched=ecco&advsearch=oneword&highlight=ajaxSearch_highlight+ajaxSearch_highlight1# ','',0,'',NULL,NULL,NULL,NULL,'2011-06-23 17:58:00','2011-06-23 17:58:00'),(89,'archive',47,'cali','Caribbean Literature','http://lit.alexanderstreet.com/cali','http://asp6new.alexanderstreet.com/custlogo/asplogo100.jpg',0,'',NULL,NULL,NULL,NULL,'2011-06-23 17:58:00','2011-06-23 17:58:00'),(90,'archive',51,'intelexLewes','The Letters of George Henry Lewes','http://www.nlx.com/collections/131','http://pm.nlx.com/xtf/icons/external/intelexlogo.jpg',0,'',NULL,NULL,NULL,NULL,'2011-06-23 17:58:00','2011-06-23 17:58:00'),(91,'archive',51,'intelexNewman','The Letters and Diaries of John Henry Newman','http://www.nlx.com/collections/88','http://pm.nlx.com/xtf/icons/external/intelexlogo.jpg',0,'',NULL,NULL,NULL,NULL,'2011-06-23 17:58:00','2011-06-23 17:58:00'),(92,'archive',51,'intelexWilliamJames','The Works of William James','http://www.nlx.com/collections/66','http://pm.nlx.com/xtf/icons/external/intelexlogo.jpg',0,'',NULL,NULL,NULL,NULL,'2011-06-23 17:58:00','2011-06-23 17:58:00'),(93,'archive',51,'intelexWilliamJamesCorrespondence','The Correspondence of William James','http://www.nlx.com/collections/67','http://pm.nlx.com/xtf/icons/external/intelexlogo.jpg',0,'',NULL,NULL,NULL,NULL,'2011-06-23 17:58:00','2011-06-23 17:58:00'),(94,'node',41,NULL,'Adam Matthew Digital',NULL,NULL,0,'',NULL,NULL,NULL,NULL,'2011-06-23 17:58:01','2011-06-23 17:58:01'),(95,'archive',94,'amdlitmanberg','Victorian Manuscripts from the Henry W. and Albert A. Berg Collection of The New York Public Library','http://www.amdigital.co.uk/collections/Literary-Manuscripts-Berg/Default.aspx','http://www.amdigital.co.uk/images/logo.png',0,'',NULL,NULL,NULL,NULL,'2011-06-23 17:58:01','2013-04-08 16:01:53'),(96,'node',41,NULL,'New York Public Library',NULL,NULL,0,'',NULL,NULL,NULL,NULL,'2011-06-23 17:58:01','2011-06-23 17:58:01'),(99,'archive',96,'nypl','NYPL Digital Gallery','http://digitalgallery.nypl.org/nypldigital/index.cfm','',0,'',NULL,NULL,NULL,NULL,'2011-06-23 17:58:01','2011-06-23 17:58:01'),(100,'archive',94,'amdeveryday','Everyday Life and Women in America, c.1800-1920','http://www.amdigital.co.uk/Collections/Everyday-Life.aspx','http://www.amdigital.co.uk/images/logo.png?1002',0,'',NULL,NULL,NULL,NULL,'2011-06-23 17:58:01','2013-04-08 15:47:14'),(101,'archive',2,'Pfaffs','The Vault at Pfaff\'s','http://digital.lib.lehigh.edu/pfaffs/about/welcome/','http://digital.lib.lehigh.edu/pfaffs/whitman_pfaffs.jpg',1,'Charles Pfaff\'s beer cellar in lower Manhattan was a magnet for some of the most unconventional and creative individuals of nineteenth-century New York City, including Walt Whitman, poet and actress Adah Isaacs Menken, journalist and social critic Henry Clapp...','pfaffs.jpg','image/jpeg',36772,'2011-06-23 17:58:01','2011-06-23 17:58:01','2011-06-23 17:58:01'),(102,'archive',47,'ibio','North American Indian Thought and Culture','http://alexanderstreet.com/products/ibio.htm','http://asp6new.alexanderstreet.com/custlogo/asplogo100.jpg',0,'',NULL,NULL,NULL,NULL,'2011-06-23 17:58:01','2011-06-23 17:58:01'),(112,'archive',94,'amdecj','Eighteenth Century Journals','http://www.amdigital.co.uk/Collections/Eighteenth-Century-Journals-Portal.aspx','http://www.amdigital.co.uk/images/logo.png',0,'',NULL,NULL,NULL,NULL,'2011-06-23 17:58:02','2013-04-08 18:54:12'),(113,'archive',94,'amdVPC','Victorian Popular Culture','http://www.amdigital.co.uk/collections/Victorian-Popular-Culture.aspx','http://www.ampltd.co.uk/images/Running-Men.gif',0,'',NULL,NULL,NULL,NULL,'2011-06-23 17:58:02','2011-06-23 17:58:02'),(114,'archive',53,'jstorSEL','JSTOR: Studies in English Literature, 1500-1900','','',0,'',NULL,NULL,NULL,NULL,'2011-06-23 17:58:02','2011-06-23 17:58:02'),(115,'archive',53,'jstorAmerLit','JSTOR: American Literature','','',0,'',NULL,NULL,NULL,NULL,'2011-06-23 17:58:02','2011-06-23 17:58:02'),(116,'archive',53,'jstorAmerLitHist','JSTOR: American Literary History','http://www.jstor.org/action/showPublication?journalCode=amerlitehist','http://www.jstor.org/literatum/publisher/jstor/journals/covergifs/amerlitehist/cover.gif',0,'',NULL,NULL,NULL,NULL,'2011-06-23 17:58:02','2012-01-09 19:48:27'),(117,'archive',53,'jstorNCF','JSTOR: Nineteenth-Century Fiction','','',0,'',NULL,NULL,NULL,NULL,'2011-06-23 17:58:02','2011-06-23 17:58:02'),(118,'archive',53,'jstorNCL','JSTOR: Nineteenth Century Literature','','',0,'',NULL,NULL,NULL,NULL,'2011-06-23 17:58:02','2011-06-23 17:58:02'),(119,'archive',53,'jstorFOF','JSTOR: NOVEL: A Forum on Fiction','','',0,'',NULL,NULL,NULL,NULL,'2011-06-23 17:58:02','2011-06-23 17:58:02'),(120,'node',41,NULL,'University of Pennsylvania',NULL,NULL,0,'',NULL,NULL,NULL,NULL,'2011-06-23 17:58:02','2011-06-23 17:58:02'),(121,'archive',76,'locEphemera','Rare Book and Special Collections Division','http://www.loc.gov/rr/rarebook/','',0,'',NULL,NULL,NULL,NULL,'2011-06-23 17:58:02','2011-06-23 17:58:02'),(122,'archive',1,'ncaw','Nineteenth-Century Art Worldwide','http://www.19thc-artworldwide.org/','',0,'',NULL,NULL,NULL,NULL,'2011-06-23 17:58:02','2011-06-23 17:58:02'),(123,'archive',53,'jstorTrollopian','JSTOR: Trollopian','','',0,'',NULL,NULL,NULL,NULL,'2011-06-23 17:58:02','2011-06-23 17:58:02'),(124,'archive',21,'rc_editions','Romantic Circles Editions','','',0,'',NULL,NULL,NULL,NULL,'2011-06-23 17:58:02','2011-06-23 17:58:02'),(125,'archive',21,'rc_praxis','Romantic Circles Praxis','','',0,'',NULL,NULL,NULL,NULL,'2011-06-23 17:58:02','2011-06-23 17:58:02'),(126,'archive',21,'rc_resources','Romantic Circles Scholarly Resources','','',0,'',NULL,NULL,NULL,NULL,'2011-06-23 17:58:03','2011-06-23 17:58:03'),(127,'archive',2,'ncse','Nineteenth-Century Serials Edition','','',0,'',NULL,NULL,NULL,NULL,'2011-06-23 17:58:03','2011-06-23 17:58:03'),(128,'node',41,NULL,'Library Catalogs',NULL,NULL,0,'',NULL,NULL,NULL,NULL,'2011-06-23 17:58:03','2011-06-23 17:58:03'),(129,'archive',128,'uva_library','UVA Special Collections','http://www.lib.virginia.edu/small/','http://staff.lib.virginia.edu/commpub/resources/new_logos/gif/liblogo_bluetxt.gif	',0,'',NULL,NULL,NULL,NULL,'2011-06-23 17:58:03','2011-06-23 17:58:03'),(130,'node',41,NULL,'University of Virginia Press',NULL,NULL,0,'',NULL,NULL,NULL,NULL,'2011-06-23 17:58:03','2011-06-23 17:58:03'),(131,'archive',130,'UVaPress_VLCS','Victorian Literature and Culture Series, U of Virginia Press','http://www.upress.virginia.edu/browse/series/victorian.html','http://rotunda.upress.virginia.edu/images/UVAP_logo.png',0,'',NULL,NULL,NULL,NULL,'2011-06-23 17:58:03','2011-06-23 17:58:03'),(132,'archive',128,'bancroft','The Bancroft Library','http://bancroft.berkeley.edu/','',0,'',NULL,NULL,NULL,NULL,'2011-06-23 17:58:03','2011-06-23 17:58:03'),(133,'archive',128,'lilly','The Lilly Library','http://www.indiana.edu/~liblilly/index.php','',0,'',NULL,NULL,NULL,NULL,'2011-06-23 17:58:03','2011-06-23 17:58:03'),(134,'archive',43,'PQCh-NCF','ProQuest: Nineteenth-Century Fiction','http://collections.chadwyck.com/home/home_c19f.jsp','http://lion.chadwyck.co.uk/marketing/images/PQ_logo_nines.gif',0,'',NULL,NULL,NULL,NULL,'2011-06-23 17:58:03','2011-06-23 17:58:03'),(135,'archive',43,'PQCh-EAF','ProQuest: Early American Fiction','http://collections.chadwyck.com/home/home_eaf2.jsp','http://lion.chadwyck.co.uk/marketing/images/PQ_logo_nines.gif',0,'',NULL,NULL,NULL,NULL,'2011-06-23 17:58:03','2011-06-23 17:58:03'),(136,'archive',47,'swrp','Scottish Women Poets of the Romantic Period','http://asp6new.alexanderstreet.com/swrp/swrp.index.map.aspx','http://asp6new.alexanderstreet.com/custlogo/asplogo100.jpg',0,'',NULL,NULL,NULL,NULL,'2011-06-23 17:58:03','2011-06-23 17:58:03'),(137,'archive',120,'penn_celebration','A Celebration of Women Writers','http://digital.library.upenn.edu/women/writers.html','http://digital.library.upenn.edu/women/_graphics/celebration-header.gif',0,'',NULL,NULL,NULL,NULL,'2011-06-23 17:58:03','2011-06-23 17:58:03'),(138,'archive',2,'POP','Price One Penny: A Database of Cheap Literature, 1837-1860','http://www.english.cam.ac.uk/pop/','http://www.english.cam.ac.uk/pop/images/POP.jpeg',1,'is a database of cheap periodicals','pop.jpg','image/jpeg',32497,'2012-01-09 23:25:12','2011-10-10 13:52:53','2012-01-09 23:25:28'),(139,'archive',41,'brooklynCommons','The Brooklyn Museum on Flickr Commons','http://www.flickr.com/people/brooklyn_museum/',NULL,0,'',NULL,NULL,NULL,NULL,'2011-10-10 13:57:42','2011-10-10 13:57:42'),(140,'archive',41,'fieldCommons','The Field Museum Library on Flickr Commons','http://www.flickr.com/people/field_museum_library/',NULL,0,'',NULL,NULL,NULL,NULL,'2011-10-10 14:05:17','2011-10-10 14:05:17'),(141,'archive',41,'eastmanCommons','George Eastman House on Flickr Commons','http://www.flickr.com/people/george_eastman_house/','',0,'',NULL,NULL,NULL,NULL,'2011-10-10 14:06:23','2012-10-08 18:29:59'),(142,'archive',76,'locCommonsCW','Flickr Commons: Civil War Faces','http://www.flickr.com/photos/library_of_congress/sets/72157625520211184/with/5229146672/',NULL,0,'',NULL,NULL,NULL,NULL,'2011-10-10 14:07:06','2011-10-10 14:07:06'),(143,'archive',41,'mopaCommons','Museum of Photographic Arts Collections','http://www.mopa.org/',NULL,0,'',NULL,NULL,NULL,NULL,'2011-10-10 14:07:34','2011-10-10 14:07:34'),(175,'node',0,NULL,'18thConnect Exhibits',NULL,NULL,NULL,NULL,NULL,NULL,NULL,NULL,'2011-11-03 15:20:43','2011-11-03 15:20:43'),(177,'archive',175,'exhibit_18thConnect_3','Frank London Concert',NULL,NULL,NULL,NULL,NULL,NULL,NULL,NULL,'2011-11-03 15:37:11','2011-11-03 15:37:11'),(179,'archive',41,'smuCommons','Southern Methodist University Library','','',0,'',NULL,NULL,NULL,NULL,'2011-11-14 18:51:37','2011-11-14 18:51:37'),(180,'archive',54,'exhibit_NINES_1','Victorians Institute Journal','/groups/vij','/photos_full/10/original/VIJ_Pub_logo.2.jpg?2010',0,'','institute.jpg','image/jpeg',117268,'2012-01-09 22:18:01','2011-11-15 16:38:10','2012-12-17 17:18:29'),(181,'archive',54,'exhibit_NINES_4','The Poetess Archive Journal','/groups/poetess','/photos_full/3/original/poetess.pub.jpg?2010',NULL,'',NULL,NULL,NULL,NULL,'2011-11-15 16:38:51','2012-12-17 17:18:40'),(182,'archive',54,'exhibit_NINES_5','NINES Peer-Reviewed Essays','/groups/nines','/photos_full/2/original/nines.pub.jpg?2010',NULL,'',NULL,NULL,NULL,NULL,'2011-11-15 16:39:12','2012-12-17 17:18:53'),(183,'archive',54,'exhibit_NINES_33','Philosophy in Carlyle','/groups/33','/photos_full/12/original/3295498512_e5e36cbddc_m.jpeg?2011',NULL,'',NULL,NULL,NULL,NULL,'2011-11-15 16:39:21','2012-12-17 17:19:08'),(184,'archive',41,'walters','The Walters Art Museum','http://thewalters.org/','',0,'The Walters Art Museum in Baltimore, Maryland is internationally renowned for its collection of art. ','walters20121101-14144-16j9fm8.jpg','image/jpeg',34231,'2012-11-01 18:29:21','2011-12-27 15:49:06','2012-11-01 20:44:25'),(186,'archive',2,'orlando','Orlando: Women\'s Writing in the British Isles','http://orlando.cambridge.org/svHomePage','http://cwrc.ca/logos/orlando/Orlando_tree_blue_transparent.gif',0,'',NULL,NULL,NULL,NULL,'2012-02-06 15:32:01','2012-11-29 19:32:36'),(187,'archive',2,'whistler','The Correspondence of James McNeill Whistler','http://www.whistler.arts.gla.ac.uk/','http://www.whistler.arts.gla.ac.uk/images/nines.jpg',0,'',NULL,NULL,NULL,NULL,'2012-03-27 15:06:54','2012-03-28 14:09:22'),(188,'archive',2,'yellow_nineties_online','The Yellow Nineties Online','http://www.1890s.ca/Default.aspx','http://www.1890s.ca/DocImages/yellow_logo_just_hand.jpg',0,'',NULL,NULL,NULL,NULL,'2012-04-12 20:12:22','2012-04-26 16:47:19'),(189,'archive',2,'lbt','Lord Byron and His Times','http://lordbyron.org','',0,'',NULL,NULL,NULL,NULL,'2012-04-17 14:02:02','2012-04-17 14:02:02'),(190,'archive',51,'intelexAquinas','The Collected Works of St. Thomas Aquinas','http://www.nlx.com/collections/7','http://pm.nlx.com/xtf/icons/external/intelexlogo.jpg',0,'',NULL,NULL,NULL,NULL,'2012-04-20 16:00:01','2012-04-20 16:01:27'),(191,'archive',51,'intelexAnselm','The Major Works of Anselm of Canterbury','http://www.nlx.com/collections/5','http://pm.nlx.com/xtf/icons/external/intelexlogo.jpg',0,'',NULL,NULL,NULL,NULL,'2012-04-24 20:01:54','2012-04-24 20:03:50'),(192,'archive',51,'intelexAbelardLa','Peter Abelard: Opera','http://www.nlx.com/collections/3','http://pm.nlx.com/xtf/icons/external/intelexlogo.jpg',0,'',NULL,NULL,NULL,NULL,'2012-04-26 17:55:50','2012-04-26 17:56:12'),(193,'archive',2,'evfl','In Transition: Selected Poems by the Baroness Elsa von Freytag-Loringhoven','http://digital.lib.umd.edu/transition/','http://digital.lib.umd.edu/images/collections/trn/splash_image.jpg',0,'',NULL,NULL,NULL,NULL,'2012-04-27 15:56:30','2012-04-27 15:56:30'),(194,'archive',51,'intelexAugustine','The Works of Saint Augustine (3rd Release)','','http://pm.nlx.com/xtf/icons/external/intelexlogo.jpg',0,'',NULL,NULL,NULL,NULL,'2012-05-01 14:15:15','2012-05-01 16:04:39'),(195,'archive',51,'intelexBrowning','The Works of Elizabeth Barrett Browning','','http://pm.nlx.com/xtf/icons/external/intelexlogo.jpg',0,'',NULL,NULL,NULL,NULL,'2012-05-01 15:31:25','2012-05-01 16:04:33'),(196,'archive',51,'intelexAugustineLa','Saint Augustine: Opera Omnia CAG','http://www.nlx.com/collections/11','http://pm.nlx.com/xtf/icons/external/intelexlogo.jpg',0,'',NULL,NULL,NULL,NULL,'2012-05-04 15:15:08','2012-05-04 15:15:40'),(197,'archive',51,'intelexEdgeworth','The Works of Maria Edgeworth','http://www.nlx.com/collections/158','',0,'',NULL,NULL,NULL,NULL,'2012-05-07 18:00:05','2012-05-07 18:05:39'),(198,'archive',51,'intelexLamb','The Works of Lady Caroline Lamb','','http://pm.nlx.com/xtf/icons/external/intelexlogo.jpg',0,'',NULL,NULL,NULL,NULL,'2012-05-08 16:16:13','2012-05-08 16:17:02'),(199,'archive',175,'exhibit_18thConnect_2','18thConnect Peer-Reviewed Essays ','/groups/2','/photos_full/1/original/18th_pub_badge.jpg?2010',NULL,'',NULL,NULL,NULL,NULL,'2012-05-24 17:46:03','2012-12-17 17:24:43'),(200,'archive',2,'duniway','The Collected Speeches of Abigail Scott Duniway','http://asduniway.org/','http://asduniway.org/wp-content/uploads/2010/12/ASD-1885-243x300.jpg',NULL,'',NULL,NULL,NULL,NULL,'2012-11-02 16:08:44','2012-11-02 16:08:44'),(201,'archive',2,'livingstone','Livingstone Spectral Imaging Project','http://livingstone.library.ucla.edu/1871diary/livingstone1.htm','http://livingstone.library.ucla.edu/1871diary/images/nines-logo.jpg',NULL,'',NULL,NULL,NULL,NULL,'2012-11-02 16:13:16','2013-02-28 18:52:02'),(202,'archive',1,'branch','BRANCH','http://www.branchcollective.org/','http://www.branchcollective.org/wp-content/uploads/2012/01/branch_logo_brown.png',NULL,'',NULL,NULL,NULL,NULL,'2012-11-09 12:20:49','2012-11-09 12:20:49'),(203,'archive',41,'e-codices','E-Codices','http://www.e-codices.unifr.ch/','',NULL,'The goal of the e-codices project is to provide access to all medieval and selected early modern manuscripts of Switzerland via a virtual library.','Picture_5.png','image/png',375397,'2013-05-10 00:54:39','2012-11-28 16:15:58','2013-05-10 00:54:45'),(204,'archive',41,'EEBO','Early English Books Online','http://www.proquest.com/en-US/catalogs/databases/detail/eebo.shtml','',NULL,'',NULL,NULL,NULL,NULL,'2012-11-28 20:04:06','2012-11-28 23:18:50'),(206,'archive',0,'TEST_RDF','Performant Test Archive','http://www.performantsoftware.com','',NULL,'',NULL,NULL,NULL,NULL,'2012-12-03 21:25:15','2012-12-03 21:25:15'),(207,'archive',54,'exhibit_NINES_37','adams peer review group','/groups/37',NULL,NULL,'',NULL,NULL,NULL,NULL,'2012-12-14 00:09:24','2012-12-17 17:21:36'),(208,'archive',175,'exhibit_18thConnect_1','Klezmer music in Charlottesville','/groups/1','/photos_full/3/original/UVA%20Klezmer%20concert%204-14-11.jpg?2011',NULL,'',NULL,NULL,NULL,NULL,'2012-12-14 00:11:53','2012-12-17 17:18:10'),(209,'archive',41,'parker','Parker Library on the Web','http://parkerweb.stanford.edu/parker/actions/page.do?forward=home','',NULL,'Parker Library on the Web is an interactive, web-based workspace designed to support use and study of the manuscripts in the historic Parker Library at Corpus Christi College, Cambridge.','Picture_7.png','image/png',490752,'2013-05-10 00:57:38','2012-12-19 16:48:35','2013-05-10 00:57:42'),(210,'archive',41,'Plaoul','The Peter Plaoul Electronic Critical Edition','http://petrusplaoul.org/','http://petrusplaoul.org/plaoulCover.jpg',NULL,'The site for the developing critical edition of the Commentary on the Sentences of the philosopher and theologian Peter Plaoul (1392/1393),','plaoul.carousel.jpg','image/jpeg',31693,'2013-03-05 15:10:27','2013-01-04 18:33:11','2013-07-02 20:05:17'),(215,'archive',41,'diamm','Digital Image Archive of Medieval Music','http://www.diamm.ac.uk/','',NULL,'is a leading resource for the study of medieval manuscripts. We present images and metadata for thousands of manuscripts on this website.','diamm.carousel.jpg','image/jpeg',38411,'2013-03-05 15:15:19','2013-02-18 15:27:04','2013-03-05 15:15:30'),(216,'archive',41,'courtauld','Gothic Ivories Project at the Courtauld Institute of Art','http://www.gothicivories.courtauld.ac.uk/','',NULL,'The Gothic Ivories Project is an online database of ivory sculptures made in Western Europe ca. 1200-ca. 1530 and neo-Gothic ivory pieces.','Picture_12.png','image/png',161805,'2013-05-10 01:06:28','2013-02-18 15:27:41','2013-05-10 01:06:29'),(217,'archive',41,'ROSE','Roman de la Rose','http://romandelarose.org/','',NULL,'The goal of the Roman de la Rose Digital Library is to create an online library of all manuscripts containing the 13th-century poem Roman de la Rose. ','roman.carousel.jpg','image/jpeg',37786,'2013-03-05 15:06:38','2013-03-01 15:42:24','2013-03-05 15:06:44'),(218,'archive',41,'BL','British Library Catalogue of Illuminated Manuscripts','http://www.bl.uk/catalogues/illuminatedmanuscripts/welcome.htm','',NULL,'The British Library Online Catalogue of Illuminated Manuscripts is a searchable database of some of the western illuminated manuscripts in the British Library. ','Picture_4.png','image/png',195482,'2013-05-10 00:52:41','2013-03-12 19:24:25','2013-05-10 00:56:00'),(219,'archive',41,'sermones','Sermones.net','http://sermones.net','',NULL,'An electronic edition of a corpus of medieval Latin sermons.','Picture_9.png','image/png',228853,'2013-05-10 01:00:55','2013-03-12 19:28:47','2013-05-10 01:00:57'),(220,'archive',54,'exhibit_NINES_58','Omara','/groups/58','/assets/nines/lg_site_image-11adaea2d812873278cd42cae7238b2a.gif',NULL,NULL,NULL,NULL,NULL,NULL,'2013-04-05 19:44:50','2013-04-05 19:44:50'),(221,'archive',54,'exhibit_NINES_74','LouTest2','/groups/74','/photos_full/2/original/nines.pub.jpg?2010',NULL,NULL,NULL,NULL,NULL,NULL,'2013-04-15 16:27:49','2013-04-15 16:27:49'),(222,'archive',41,'onlineFroissart','The Online Froissart','http://www.hrionline.ac.uk/onlinefroissart/','',NULL,'The Online Froissart establishes a robust and sustainable platform for the delivery of electronic transcriptions of the Chroniques, of annotation and other secondary materials pertaining to those transcriptions, and of digital reproductions of several of the original manuscripts in high-resolution format. ','Picture_10.png','image/png',364440,'2013-05-10 01:02:26','2013-04-15 18:26:35','2013-05-10 01:02:44'),(223,'archive',41,'stgall','St Gall','http://www.stgallplan.org/','',NULL,'This website presents digital versions of two of the gems surviving from the monasteries of Reichenau and St. Gall complimented by various resources to assist in their study.','Picture_11.png','image/png',339502,'2013-05-10 01:04:39','2013-04-23 12:59:54','2013-05-10 01:04:41'),(224,'archive',175,'exhibit_18thConnect_11','Peer REviewed Group','/groups/11','/assets/18th/lg_site_image-a1d309ea7d54709ec2382b6647d251a3.gif',NULL,NULL,NULL,NULL,NULL,NULL,'2013-04-23 20:49:33','2013-04-23 20:49:33'),(225,'archive',54,'exhibit_NINES_76','sh peer reviewed group','/groups/76','/assets/nines/lg_site_image-11adaea2d812873278cd42cae7238b2a.gif',NULL,NULL,NULL,NULL,NULL,NULL,'2013-04-23 20:55:30','2013-04-23 20:55:30'),(226,'node',0,NULL,'MESA Exhibits',NULL,NULL,NULL,NULL,NULL,NULL,NULL,NULL,'2013-06-05 18:01:05','2013-06-05 18:01:05'),(227,'archive',226,'exhibit_MESA_6','Amazing Stupendous Peer-Reviewed Things','/groups/6','/assets/mesa/lg_site_image-4055b5df0a57654feb358392c878f5c8.jpg',NULL,NULL,NULL,NULL,NULL,NULL,'2013-06-05 18:01:05','2013-06-05 18:01:05'),(228,'archive',41,'pih','Penn in Hand','http://dla.library.upenn.edu/dla/medren/index.html','http://www.library.upenn.edu/images/scc/librarieslogoscc2x.png',NULL,'',NULL,NULL,NULL,NULL,'2013-06-14 23:31:58','2013-06-17 16:24:06'),(229,'archive',96,'nyplvictoria','Before Victoria: Extraordinary Women of the British Romantic Era; A Selection of Images','http://legacy.www.nypl.org/research/chss/victoria/index.html','',NULL,'',NULL,NULL,NULL,NULL,'2013-06-26 17:07:13','2013-06-26 17:07:24');
/*!40000 ALTER TABLE `archives` ENABLE KEYS */;
UNLOCK TABLES;

--
-- Table structure for table `archives_carousels`
--

DROP TABLE IF EXISTS `archives_carousels`;
/*!40101 SET @saved_cs_client     = @@character_set_client */;
/*!40101 SET character_set_client = utf8 */;
CREATE TABLE `archives_carousels` (
  `carousel_id` int(11) DEFAULT NULL,
  `archive_id` int(11) DEFAULT NULL
) ENGINE=InnoDB DEFAULT CHARSET=utf8 COLLATE=utf8_unicode_ci;
/*!40101 SET character_set_client = @saved_cs_client */;

--
-- Dumping data for table `archives_carousels`
--

LOCK TABLES `archives_carousels` WRITE;
/*!40000 ALTER TABLE `archives_carousels` DISABLE KEYS */;
INSERT INTO `archives_carousels` VALUES (1,3),(1,10),(1,11),(1,12),(1,13),(1,14),(1,15),(1,16),(1,17),(1,42),(1,44),(1,46),(1,56),(1,101),(1,138),(1,7),(1,8),(1,40),(1,20),(3,184),(1,49),(1,57),(4,206),(3,217),(3,215),(1,85),(2,85),(3,203),(3,218),(3,209),(3,219),(3,222),(3,223),(3,216),(1,9),(3,210);
/*!40000 ALTER TABLE `archives_carousels` ENABLE KEYS */;
UNLOCK TABLES;

--
-- Table structure for table `carousels`
--

DROP TABLE IF EXISTS `carousels`;
/*!40101 SET @saved_cs_client     = @@character_set_client */;
/*!40101 SET character_set_client = utf8 */;
CREATE TABLE `carousels` (
  `id` int(11) NOT NULL AUTO_INCREMENT,
  `name` varchar(255) COLLATE utf8_unicode_ci DEFAULT NULL,
  `created_at` datetime NOT NULL,
  `updated_at` datetime NOT NULL,
  PRIMARY KEY (`id`)
) ENGINE=InnoDB AUTO_INCREMENT=9 DEFAULT CHARSET=utf8 COLLATE=utf8_unicode_ci;
/*!40101 SET character_set_client = @saved_cs_client */;

--
-- Dumping data for table `carousels`
--

LOCK TABLES `carousels` WRITE;
/*!40000 ALTER TABLE `carousels` DISABLE KEYS */;
INSERT INTO `carousels` VALUES (1,'NINES','2012-09-28 21:30:07','2012-09-28 21:30:07'),(2,'18thConnect','2012-09-28 21:30:07','2012-09-28 21:30:07'),(3,'MESA','2012-09-28 21:30:07','2012-09-28 21:30:07'),(4,'Test','2012-09-28 21:30:07','2012-09-28 21:30:07'),(8,NULL,'2013-01-15 20:52:17','2013-01-15 20:52:17');
/*!40000 ALTER TABLE `carousels` ENABLE KEYS */;
UNLOCK TABLES;

--
-- Table structure for table `disciplines`
--

DROP TABLE IF EXISTS `disciplines`;
/*!40101 SET @saved_cs_client     = @@character_set_client */;
/*!40101 SET character_set_client = utf8 */;
CREATE TABLE `disciplines` (
  `id` int(11) NOT NULL AUTO_INCREMENT,
  `name` varchar(255) DEFAULT NULL,
  `created_at` datetime NOT NULL,
  `updated_at` datetime NOT NULL,
  PRIMARY KEY (`id`)
) ENGINE=InnoDB AUTO_INCREMENT=21 DEFAULT CHARSET=latin1;
/*!40101 SET character_set_client = @saved_cs_client */;

--
-- Dumping data for table `disciplines`
--

LOCK TABLES `disciplines` WRITE;
/*!40000 ALTER TABLE `disciplines` DISABLE KEYS */;
INSERT INTO `disciplines` VALUES (1,'Anthropology','2013-02-07 22:27:04','2013-02-07 22:27:04'),(2,'Art History','2013-02-15 20:15:35','2013-02-15 20:15:35'),(3,'Archaeology','2013-02-15 20:15:44','2013-02-15 20:15:44'),(4,'Architecture','2013-02-15 20:15:52','2013-02-15 20:15:52'),(5,'Book History','2013-02-15 20:15:59','2013-02-15 20:15:59'),(6,'Classics and Ancient History','2013-06-17 19:45:30','2013-06-17 19:45:30'),(7,'Ethnic Studies','2013-06-17 19:45:39','2013-06-17 19:45:39'),(8,'Film Studies','2013-06-17 19:45:48','2013-06-17 19:45:48'),(9,'Gender Studies','2013-06-17 19:45:58','2013-06-17 19:45:58'),(10,'Geography','2013-06-17 19:46:06','2013-06-17 19:46:06'),(11,'History','2013-06-17 19:46:13','2013-06-17 19:46:13'),(12,'Law','2013-06-17 19:46:19','2013-06-17 19:46:19'),(13,'Literature','2013-06-17 19:46:26','2013-06-17 19:46:26'),(14,'Manuscript Studies','2013-06-17 19:46:34','2013-06-17 19:46:34'),(15,'Math','2013-06-17 19:46:40','2013-06-17 19:46:40'),(16,'Musicology','2013-06-17 19:46:53','2013-06-17 19:46:53'),(17,'Philosophy','2013-06-17 19:46:59','2013-06-17 19:46:59'),(18,'Religious Studies','2013-06-17 19:47:06','2013-06-17 19:47:06'),(19,'Science','2013-06-17 19:47:11','2013-06-17 19:47:11'),(20,'Theater Studies','2013-06-17 19:47:21','2013-06-17 19:47:21');
/*!40000 ALTER TABLE `disciplines` ENABLE KEYS */;
UNLOCK TABLES;

--
-- Table structure for table `federations`
--

DROP TABLE IF EXISTS `federations`;
/*!40101 SET @saved_cs_client     = @@character_set_client */;
/*!40101 SET character_set_client = utf8 */;
CREATE TABLE `federations` (
  `id` int(11) NOT NULL AUTO_INCREMENT,
  `name` varchar(255) COLLATE utf8_unicode_ci DEFAULT NULL,
  `ip` varchar(255) COLLATE utf8_unicode_ci DEFAULT NULL,
  `site` varchar(255) COLLATE utf8_unicode_ci DEFAULT NULL,
  `thumbnail_file_name` varchar(255) COLLATE utf8_unicode_ci DEFAULT NULL,
  `thumbnail_content_type` varchar(255) COLLATE utf8_unicode_ci DEFAULT NULL,
  `thumbnail_file_size` int(11) DEFAULT NULL,
  `thumbnail_updated_at` datetime DEFAULT NULL,
  `created_at` datetime DEFAULT NULL,
  `updated_at` datetime DEFAULT NULL,
  `carousel_id` int(11) DEFAULT NULL,
  PRIMARY KEY (`id`)
) ENGINE=InnoDB AUTO_INCREMENT=4 DEFAULT CHARSET=utf8 COLLATE=utf8_unicode_ci;
/*!40101 SET character_set_client = @saved_cs_client */;

--
-- Dumping data for table `federations`
--

LOCK TABLES `federations` WRITE;
/*!40000 ALTER TABLE `federations` DISABLE KEYS */;
INSERT INTO `federations` VALUES (1,'NINES','127.0.0.1','http://edge.nines.org','federation_NINES_thumb.png','image/png',7260,'2011-06-23 18:03:18','2011-06-23 18:03:18','2013-06-17 15:18:05',1),(2,'18thConnect','127.0.0.1','http://edge.18thconnect.org','federation_18thConnect_thumb.png','image/png',4858,'2012-12-17 17:43:27','2011-06-23 18:04:13','2013-06-17 15:18:15',2),(3,'MESA','127.0.0.1','http://mesa.performantsoftware.com','federation_MESA_thumb.png','image/png',8586,'2012-11-01 20:40:08','2011-12-19 17:55:23','2013-06-17 15:18:22',3);
/*!40000 ALTER TABLE `federations` ENABLE KEYS */;
UNLOCK TABLES;

--
-- Table structure for table `genres`
--

DROP TABLE IF EXISTS `genres`;
/*!40101 SET @saved_cs_client     = @@character_set_client */;
/*!40101 SET character_set_client = utf8 */;
CREATE TABLE `genres` (
  `id` int(11) NOT NULL AUTO_INCREMENT,
  `name` varchar(255) COLLATE utf8_unicode_ci DEFAULT NULL,
  `created_at` datetime DEFAULT NULL,
  `updated_at` datetime DEFAULT NULL,
  PRIMARY KEY (`id`)
) ENGINE=InnoDB AUTO_INCREMENT=47 DEFAULT CHARSET=utf8 COLLATE=utf8_unicode_ci;
/*!40101 SET character_set_client = @saved_cs_client */;

--
-- Dumping data for table `genres`
--

LOCK TABLES `genres` WRITE;
/*!40000 ALTER TABLE `genres` DISABLE KEYS */;
INSERT INTO `genres` VALUES (3,'Bibliography','2011-06-23 17:57:29','2011-06-23 17:57:29'),(4,'Collection','2011-06-23 17:57:29','2011-06-23 17:57:29'),(5,'Criticism','2011-06-23 17:57:29','2011-06-23 17:57:29'),(6,'Drama','2011-06-23 17:57:29','2011-06-23 17:57:29'),(8,'Ephemera','2011-06-23 17:57:29','2011-06-23 17:57:29'),(9,'Fiction','2011-06-23 17:57:29','2011-06-23 17:57:29'),(10,'Historiography','2011-06-23 17:57:29','2012-12-14 18:32:41'),(12,'Correspondence','2011-06-23 17:57:29','2012-12-14 18:31:01'),(15,'Musical Analysis','2011-06-23 17:57:29','2012-12-14 18:33:02'),(16,'Nonfiction','2011-06-23 17:57:29','2011-06-23 17:57:29'),(17,'Paratext','2011-06-23 17:57:29','2011-06-23 17:57:29'),(20,'Photograph','2011-06-23 17:57:29','2011-06-23 17:57:29'),(21,'Poetry','2011-06-23 17:57:29','2011-06-23 17:57:29'),(22,'Religion','2011-06-23 17:57:29','2011-06-23 17:57:29'),(23,'Review','2011-06-23 17:57:29','2011-06-23 17:57:29'),(25,'Translation','2011-06-23 17:57:29','2011-06-23 17:57:29'),(26,'Travel Writing','2011-06-23 17:57:29','2012-12-14 18:30:52'),(27,'Visual Art','2011-06-23 17:57:29','2011-06-23 17:57:29'),(28,'Citation','2011-06-23 17:57:29','2011-06-23 17:57:29'),(33,'Law','2011-06-23 17:57:29','2011-06-23 17:57:29'),(34,'Reference Works','2011-06-23 17:57:29','2011-06-23 17:57:29'),(36,'Catalog','2012-12-14 18:32:13','2012-12-14 18:32:13'),(37,'Musical Score','2012-12-14 18:33:17','2012-12-14 18:33:17'),(38,'Liturgy','2012-12-14 18:34:24','2012-12-14 18:34:24'),(39,'Unspecified','2012-12-14 18:34:51','2012-12-14 18:34:51'),(40,'Music, Other','2012-12-14 18:35:10','2012-12-14 18:35:10'),(41,'Philosophy','2012-12-14 18:35:42','2012-12-14 18:35:42'),(43,'Musical Recording','2013-06-17 19:49:00','2013-06-17 19:49:00'),(44,'Religion, Other','2013-06-17 19:56:02','2013-06-17 19:56:02'),(45,'Scripture','2013-06-17 19:56:16','2013-06-17 19:56:16'),(46,'Sermon','2013-06-17 19:56:24','2013-06-17 19:56:24');
/*!40000 ALTER TABLE `genres` ENABLE KEYS */;
UNLOCK TABLES;

--
-- Table structure for table `schema_migrations`
--

DROP TABLE IF EXISTS `schema_migrations`;
/*!40101 SET @saved_cs_client     = @@character_set_client */;
/*!40101 SET character_set_client = utf8 */;
CREATE TABLE `schema_migrations` (
  `version` varchar(255) COLLATE utf8_unicode_ci NOT NULL,
  UNIQUE KEY `unique_schema_migrations` (`version`)
) ENGINE=InnoDB DEFAULT CHARSET=utf8 COLLATE=utf8_unicode_ci;
/*!40101 SET character_set_client = @saved_cs_client */;

--
-- Dumping data for table `schema_migrations`
--

LOCK TABLES `schema_migrations` WRITE;
/*!40000 ALTER TABLE `schema_migrations` DISABLE KEYS */;
INSERT INTO `schema_migrations` VALUES ('20110502193943'),('20110502215848'),('20110502215925'),('20110502220053'),('20120822222546'),('20120925184124'),('20120925192639'),('20130207191253');
/*!40000 ALTER TABLE `schema_migrations` ENABLE KEYS */;
UNLOCK TABLES;

--
-- Table structure for table `users`
--

DROP TABLE IF EXISTS `users`;
/*!40101 SET @saved_cs_client     = @@character_set_client */;
/*!40101 SET character_set_client = utf8 */;
CREATE TABLE `users` (
  `id` int(11) NOT NULL AUTO_INCREMENT,
  `email` varchar(255) COLLATE utf8_unicode_ci NOT NULL DEFAULT '',
  `encrypted_password` varchar(128) COLLATE utf8_unicode_ci NOT NULL DEFAULT '',
  `reset_password_token` varchar(255) COLLATE utf8_unicode_ci DEFAULT NULL,
  `remember_created_at` datetime DEFAULT NULL,
  `sign_in_count` int(11) DEFAULT '0',
  `current_sign_in_at` datetime DEFAULT NULL,
  `last_sign_in_at` datetime DEFAULT NULL,
  `current_sign_in_ip` varchar(255) COLLATE utf8_unicode_ci DEFAULT NULL,
  `last_sign_in_ip` varchar(255) COLLATE utf8_unicode_ci DEFAULT NULL,
  `created_at` datetime DEFAULT NULL,
  `updated_at` datetime DEFAULT NULL,
  `reset_password_sent_at` datetime DEFAULT NULL,
  PRIMARY KEY (`id`),
  UNIQUE KEY `index_users_on_email` (`email`),
  UNIQUE KEY `index_users_on_reset_password_token` (`reset_password_token`)
) ENGINE=InnoDB AUTO_INCREMENT=14 DEFAULT CHARSET=utf8 COLLATE=utf8_unicode_ci;
/*!40101 SET character_set_client = @saved_cs_client */;

--
-- Dumping data for table `users`
--

LOCK TABLES `users` WRITE;
/*!40000 ALTER TABLE `users` DISABLE KEYS */;
INSERT INTO `users` VALUES (1,'paul@performantsoftware.com','$2a$10$CkmbwXniiq1S/0B9zBMqhecOmYHFRYM9uq8chxU.2.dGIyDL8QN/y','KXejsZxy9tLFF2mvy1WA','2013-02-01 22:43:54',16,'2013-02-28 20:38:24','2013-02-01 22:43:54','172.18.33.124','172.18.33.174','2011-06-23 18:00:49','2013-03-12 13:10:49','2013-03-12 13:10:49'),(2,'jessica@performantsoftware.com','$2a$10$ZOBm/OIiWD0FhHfgIZ4UteE.F7NFT87KCIJC2ShJQSPyPiTpUgjHa',NULL,NULL,4,'2011-11-09 20:59:19','2011-10-06 18:22:14','71.53.194.4','71.62.246.36','2011-10-06 15:43:50','2011-11-09 20:59:19',NULL),(3,'dana@nines.org','$2a$10$gH07tzDmEU0av/M8w2swA.xuM6roUPYHQnpUiyup3lf71p2GkajtO',NULL,'2013-04-18 15:35:59',51,'2013-06-05 18:07:21','2013-05-08 13:21:43','24.127.65.97','24.127.65.97','2011-10-07 19:50:21','2013-06-05 18:07:21',NULL),(4,'m-farrington@tamu.edu','$2a$10$bdnYO2q.YzCls4o2CodV/ufSWJLKeR9yvXVKRXjaFOl4cL.ZYQdwq',NULL,NULL,6,'2012-01-25 17:10:17','2012-01-24 22:26:55','165.91.118.228','165.91.118.228','2011-12-08 17:58:04','2012-01-25 17:10:17',NULL),(5,'adam@performantsoftware.com','$2a$10$0o5p8tyO.V/v3yjQ81qOf.eIFeoAnclXtMHJ59O0poxKwG5izjFWS',NULL,NULL,11,'2013-01-10 15:19:53','2013-01-08 21:37:48','66.207.95.23','66.207.95.23','2012-09-28 21:13:06','2013-01-10 15:19:53',NULL),(6,'susan@performantsoftware.com','$2a$10$K6ec3uBaLCGraxVf7vkAXOpm0Ce61ns8Nu9OU/xioy4uFztkoah0S',NULL,NULL,6,'2012-11-08 21:11:53','2012-11-02 18:19:27','71.63.12.87','66.207.95.23','2012-10-02 18:48:11','2012-11-08 21:11:53',NULL),(7,'rchodder@ncsu.edu','$2a$10$IGOxgS1Gfw71xDA3HIaoEujmKlTHiN6HIVPWU429Xe7cPwLugU/kW',NULL,NULL,1,'2012-10-03 16:51:45','2012-10-03 16:51:45','66.207.95.23','66.207.95.23','2012-10-03 16:45:53','2012-10-03 16:51:45',NULL),(8,'tlstinson@gmail.com','$2a$10$aY5GIWOr8EiRAxJ2JLmgm.WZnRPAJAR//wrimhmfXZOkyPk6RUqFG',NULL,NULL,1,'2013-05-10 00:44:20','2013-05-10 00:44:20','64.20.198.210','64.20.198.210','2013-01-08 21:24:13','2013-05-10 00:44:20',NULL),(9,'dot.porter@gmail.com','$2a$10$vRHa11Bz8AMUzz9ToqFez.O.lETsGGWRGT8BAeOzCUDunET8qUVwG','dvUyyjNgtPx8JbkvdYFu',NULL,0,NULL,NULL,NULL,NULL,'2013-01-08 21:26:00','2013-06-28 14:24:03','2013-06-28 14:24:03'),(10,'lou@performantsoftware.com','$2a$10$WYzS9RDTTWZdc.KCmF9ODuq6YQLnUM/.OS2bda3V2qBErC8y20afq',NULL,'2013-08-15 15:22:27',3,'2013-08-15 15:22:28','2013-06-06 18:21:44','127.0.0.1','76.120.250.79','2013-03-26 15:23:01','2013-08-15 15:22:28',NULL),(11,'treydock@tamu.edu','$2a$10$cVHswVlnMz8N4J/T/EeUM.jkIOZCOJaHJoI89LSlvj4JtH7K8ij5q',NULL,NULL,5,'2013-06-28 20:40:23','2013-06-21 19:03:12','165.91.19.198','10.201.33.94','2013-05-02 02:31:34','2013-06-28 20:40:23',NULL),(12,'egrumbac@tamu.edu','$2a$10$2RiMzvOVUojzgWmLSBNIs.1QCsOaO3b7UoUjsYvhRtWmOnXlbVnw2',NULL,NULL,5,'2013-07-02 20:05:03','2013-06-26 16:53:39','128.194.64.22','128.194.64.22','2013-05-02 19:38:45','2013-07-02 20:05:03',NULL),(13,'kristin@performantsoftware.com','$2a$10$XHE6YffvwyPXV5Rb8POnHOHYLjQT7jkI18468blc9d51nUyY5rvm6',NULL,NULL,6,'2013-06-20 15:08:45','2013-06-17 21:32:54','66.207.95.23','66.207.95.23','2013-06-06 18:56:38','2013-06-20 15:08:45',NULL);
/*!40000 ALTER TABLE `users` ENABLE KEYS */;
UNLOCK TABLES;
/*!40103 SET TIME_ZONE=@OLD_TIME_ZONE */;

/*!40101 SET SQL_MODE=@OLD_SQL_MODE */;
/*!40014 SET FOREIGN_KEY_CHECKS=@OLD_FOREIGN_KEY_CHECKS */;
/*!40014 SET UNIQUE_CHECKS=@OLD_UNIQUE_CHECKS */;
/*!40101 SET CHARACTER_SET_CLIENT=@OLD_CHARACTER_SET_CLIENT */;
/*!40101 SET CHARACTER_SET_RESULTS=@OLD_CHARACTER_SET_RESULTS */;
/*!40101 SET COLLATION_CONNECTION=@OLD_COLLATION_CONNECTION */;
/*!40111 SET SQL_NOTES=@OLD_SQL_NOTES */;

-- Dump completed on 2013-08-15 11:23:29
